{"JUPITERW003R (1)\\SER00001\\IMG00001.dcm": [80.16957225599884, 98.25875310285281, 154.9930021225312, 229.50860020865548, 296.1096751447996, 357.7773371227111], "JUPITERW003R (1)\\SER00002\\IMG00001.dcm": [128.01944673309347, 154.73308398584527, 208.16035849134892, 283.8168896370631, 334.50430391151514, 379.0270326661017], "JUPITERW007L (1)\\SER00002\\IMG00001.dcm": [391.60265577119526, 388.4333810010216, 333.763391215526, 186.89495403472932, 267.71146067415737, 330.3046373850869], "JUPITERW003R (1)\\SER00002\\IMG00001_aug1.dcm": [126.50189076550168, 153.53229051532168, 207.59309001496175, 282.17325538171775, 344.40816211677634, 399.0739585732472], "JUPITERW003R (1)\\SER00001\\IMG00001_aug1.dcm": [51.16627921011127, 71.21316361181957, 134.0874828717229, 297.7465484199758, 226.55709045065265, 160.640925664242], "JUPITERW003R (1)\\SER00001\\IMG00001_aug2.dcm": [78.78508069895946, 97.01669604067054, 154.19767143058263, 190.72126019425414, 267.00705519941255, 337.6420505745595], "JUPITERW003R (1)\\SER00002\\IMG00001_aug2.dcm": [128.01944673309347, 154.73308398584527, 208.16035849134892, 283.8168896370631, 334.50430391151514, 379.0270326661017], "JUPITERW003R (1)\\SER00002\\IMG00001_aug3.dcm": [382.98055326690655, 356.26691601415473, 302.8396415086511, 254.06641184335643, 196.13793838683983, 145.25481981016947], "JUPITERW005R (1)\\SER00001\\IMG00001.dcm": [133.8563428430457, 124.94753622677639, 145.1948239910248, 161.75963629315055, 220.88171656475603, 266.2356411566724], "JUPITERW001R (2)\\SER00002\\IMG00001.dcm": [99.78197634386613, 98.96764904386951, 145.38430514367522, 163.66849780141112, 231.25766370112828, 304.5471207008213]}